{"cameraMode":{"drawMode":0,"name":"Shaded","section":"Shading Mode"},"sceneLighting":true,"audioPlay":false,"sceneViewState":{"m_AlwaysRefresh":false,"showFog":true,"showSkybox":true,"showFlares":true,"showImageEffects":true,"showParticleSystems":true,"showVisualEffectGraphs":true,"m_FxEnabled":false},"in2DMode":false,"pivot":{"x":-69.70704650878906,"y":-10.937261581420899,"z":2.8476829528808595},"rotation":{"x":0.13924776017665864,"y":-0.8283087015151978,"z":0.2359323352575302,"w":0.48878031969070437},"size":26.257282257080079,"orthographic":false}