{"cameraMode":{"drawMode":0,"name":"Shaded","section":"Shading Mode"},"sceneLighting":true,"audioPlay":false,"sceneViewState":{"m_AlwaysRefresh":false,"showFog":true,"showSkybox":true,"showFlares":true,"showImageEffects":true,"showParticleSystems":true,"showVisualEffectGraphs":true,"m_FxEnabled":false},"in2DMode":false,"pivot":{"x":-25.392419815063478,"y":0.852849006652832,"z":13.940603256225586},"rotation":{"x":0.05380897596478462,"y":-0.9040060043334961,"z":0.11946535110473633,"w":0.40697234869003298},"size":19.322416305541993,"orthographic":false}