{"cameraMode":{"drawMode":0,"name":"Shaded","section":"Shading Mode"},"sceneLighting":true,"audioPlay":false,"sceneViewState":{"m_AlwaysRefresh":false,"showFog":true,"showSkybox":true,"showFlares":true,"showImageEffects":true,"showParticleSystems":true,"showVisualEffectGraphs":true,"m_FxEnabled":false},"in2DMode":false,"pivot":{"x":0.10915946960449219,"y":4.595251560211182,"z":18.502445220947267},"rotation":{"x":-0.048668574541807178,"y":-0.8479932546615601,"z":0.07909896224737168,"w":-0.5219104886054993},"size":12.535543441772461,"orthographic":false}