{"cameraMode":{"drawMode":0,"name":"Shaded","section":"Shading Mode"},"sceneLighting":true,"audioPlay":false,"sceneViewState":{"m_AlwaysRefresh":false,"showFog":true,"showSkybox":true,"showFlares":true,"showImageEffects":true,"showParticleSystems":true,"showVisualEffectGraphs":true,"m_FxEnabled":false},"in2DMode":false,"pivot":{"x":-39.953495025634769,"y":-56.443634033203128,"z":109.89993286132813},"rotation":{"x":0.47377294301986697,"y":-0.00861577782779932,"z":0.005336503963917494,"w":0.8807945251464844},"size":129.92613220214845,"orthographic":false}