{"cameraMode":{"drawMode":0,"name":"Shaded","section":"Shading Mode"},"sceneLighting":true,"audioPlay":false,"sceneViewState":{"m_AlwaysRefresh":false,"showFog":true,"showSkybox":true,"showFlares":true,"showImageEffects":true,"showParticleSystems":true,"showVisualEffectGraphs":true,"m_FxEnabled":false},"in2DMode":false,"pivot":{"x":241.27542114257813,"y":229.52938842773438,"z":135.2049560546875},"rotation":{"x":-0.00453671021386981,"y":0.05140456557273865,"z":0.0003949624369852245,"w":-0.9989486932754517},"size":274.4588623046875,"orthographic":true}