{"cameraMode":{"drawMode":0,"name":"Shaded","section":"Shading Mode"},"sceneLighting":true,"audioPlay":false,"sceneViewState":{"m_AlwaysRefresh":false,"showFog":true,"showSkybox":true,"showFlares":true,"showImageEffects":true,"showParticleSystems":true,"showVisualEffectGraphs":true,"m_FxEnabled":false},"in2DMode":false,"pivot":{"x":11.013872146606446,"y":4.554910659790039,"z":21.752737045288087},"rotation":{"x":-0.014801664277911187,"y":-0.9181392788887024,"z":0.3945848345756531,"w":-0.03443767875432968},"size":2.7141973972320558,"orthographic":false}