{"cameraMode":{"drawMode":0,"name":"Shaded","section":"Shading Mode"},"sceneLighting":true,"audioPlay":false,"sceneViewState":{"m_AlwaysRefresh":false,"showFog":true,"showSkybox":true,"showFlares":true,"showImageEffects":true,"showParticleSystems":true,"showVisualEffectGraphs":true,"m_FxEnabled":false},"in2DMode":false,"pivot":{"x":314.7121276855469,"y":275.3250427246094,"z":-483.0897216796875},"rotation":{"x":-0.005400481168180704,"y":0.0038773445412516596,"z":0.000017177586414618418,"w":-0.9999960064888},"size":12.099803924560547,"orthographic":false}