{"cameraMode":{"drawMode":0,"name":"Shaded","section":"Shading Mode"},"sceneLighting":true,"audioPlay":false,"sceneViewState":{"m_AlwaysRefresh":false,"showFog":true,"showSkybox":true,"showFlares":true,"showImageEffects":true,"showParticleSystems":true,"showVisualEffectGraphs":true,"m_FxEnabled":false},"in2DMode":false,"pivot":{"x":51.256038665771487,"y":30.624177932739259,"z":115.14887237548828},"rotation":{"x":0.057049911469221118,"y":-0.9416908621788025,"z":0.25909423828125,"w":0.20721730589866639},"size":4.358652591705322,"orthographic":false}